{"cameraMode":{"drawMode":0,"name":"Shaded","section":"Shading Mode"},"sceneLighting":true,"audioPlay":false,"sceneViewState":{"showFog":true,"showMaterialUpdate":false,"showSkybox":true,"showFlares":true,"showImageEffects":true,"showParticleSystems":true,"showVisualEffectGraphs":true,"m_FxEnabled":true},"in2DMode":false,"pivot":{"x":-0.5024127960205078,"y":2.9363317489624025,"z":-10.95904541015625},"rotation":{"x":0.023629577830433847,"y":-0.7758327126502991,"z":0.029107514768838884,"w":0.6298257112503052},"size":4.835699081420898,"orthographic":false}