{"cameraMode":{"drawMode":0,"name":"Shaded","section":"Shading Mode"},"sceneLighting":true,"audioPlay":false,"sceneViewState":{"showFog":true,"showMaterialUpdate":false,"showSkybox":true,"showFlares":true,"showImageEffects":true,"showParticleSystems":true,"showVisualEffectGraphs":true,"m_FxEnabled":true},"in2DMode":false,"pivot":{"x":10.854287147521973,"y":-3.716904640197754,"z":-10.037168502807618},"rotation":{"x":0.03880610689520836,"y":0.9311805367469788,"z":-0.10408256947994232,"w":0.34729915857315066},"size":11.228702545166016,"orthographic":false}